state;value
000000000000000000000000000000000000000000;0.34453560799118194
000000000000000000000000000000000000000001;0.18115942028985507
000000000000000000000000000000000000000201;0.0
000000000000000000000000000000000000100201;0.0
000000000000000000000000000000000000100221;0.0
000000000000000000000000000000000000101221;0.4380165289256198
000000000000000000000000000000002000101221;0.0
000000000000000000000000000000002000111221;0.9009009009009009
000000000000000000000000000000022000111221;0.0
000000000000000000000000000000022001111221;1.0
000000000000000000000000000000000000001000;0.2765957446808511
000000000000000000000000000000000000001200;0.31113063203876334
000000000000000000000000000000000000101200;0.26153846153846155
000000000000000000000000000002000000101200;0.0
000000000000000000000000000002000001101200;0.5294117647058824
000000000000000000000000000002000001121200;0.0
000000000000000000000000000002010001121200;0.3275862068965517
000000000000000000000020000002010001121200;0.0
000000000000000000000020000002011001121200;0.21428571428571427
000000000000000000000020000002011001121220;0.0
000000000000000000000020100002011001121220;0.7702702702702703
000000000000000000000020120002011001121220;0.0
000000000000000001000020120002011001121220;1.0
000000000000000000000000000000000000021000;0.5072006160954948
000000000000000000000000000000010000021000;0.4339622641509434
000000000000000000000000000000010002021000;0.0
000000000000000000000000100000010002021000;0.7454545454545455
000000000000000002000000100000010002021000;0.0
000000000010000002000000100000010002021000;0.2727272727272727
000000000010000002000000100000010002021002;0.0
000000000010000002000000100000110002021002;0.24752475247524752
000000000010000002000002100000110002021002;0.0
000000000010000002000002100010110002021002;0.09554140127388536
000000000010000022000002100010110002021002;0.0
000000000010000022000002100010110002021012;0.9181102362204724
000000000010000022000202100010110002021012;0.0
000000000010000022000202100010110102021012;0.9457142857142857
000000000010000022000202100010110122021012;0.0
000000000010000022000202101010110122021012;0.9285714285714286
000000000010000022000202101010110122221012;0.0
000000000010000022000202101011110122221012;1.0
000000000000000000000000000000000000100000;0.32222222222222224
000000000000000000000000000000000000120000;0.0
000000000000000000000000000000000000121000;0.125
000000000000000000000000000000000002121000;0.0
000000000000000000000000000010000002121000;0.34615384615384615
000000000000000000000200000010000002121000;0.0
000000000000000000000200000010010002121000;0.43859649122807015
000000000000000000000200000010210002121000;0.0
000000000000000000000201000010210002121000;0.5700934579439252
000000000000000000000201000010210002121002;0.0
000000000000000010000201000010210002121002;0.7063492063492064
000000000000000010000201200010210002121002;0.0
000000000100000010000201200010210002121002;0.6666666666666666
000000000100000010000201200010210002121022;0.0
001000000100000010000201200010210002121022;1.0
000000000000000000000000000000000000001002;0.6573921550195566
000000000000000000000000000000000000011002;0.5862068965517241
000000000000000000000000000000000020011002;0.0
000000000000000000000000000100000020011002;0.6479591836734694
000000000000000000000000000100020020011002;0.0
000000000000000000000000000100020020011102;0.8230088495575221
000000000000000000000000000100220020011102;0.0
000000000000000000000000000100220020011112;1.0
000000000000000000000000000000000000101002;0.6363636363636364
000000000000000000000000000002000000101002;0.0
000000000000000000000000000002010000101002;0.4666666666666667
000000000000000000000000000002010000101202;0.0
000000000000000000000010000002010000101202;0.7142857142857143
000000000000000000000010000002012000101202;0.0
000000000000000000000010000002012001101202;0.8360655737704918
000000000000000000000010000002012001101222;0.0
000000000000000000000010000002012001111222;1.0
000000000000000000000000000000001000001200;0.47368421052631576
000000000000000000000000000000001000201200;0.0
000000000000000000000000000001001000201200;0.4430379746835443
000000000000000000000020000001001000201200;0.0
000000000000000000000020010001001000201200;0.40476190476190477
000000000000000000000020010001021000201200;0.0
000000000000000000000020010001021001201200;0.4146341463414634
000000000000000000000020010001021001201220;0.0
000000000000000000000020110001021001201220;0.5172413793103449
000000000000000000000020110001021001221220;0.0
000000000000000001000020110001021001221220;0.5932203389830508
000000000000000001000020110001021201221220;0.0
000000000000000101000020110001021201221220;0.8571428571428571
000000000000000101200020110001021201221220;0.0
000000000000000101200020111001021201221220;0.8918918918918919
000000000000000101200020111021021201221220;0.0
000000000010000101200020111021021201221220;0.9215686274509803
000000002010000101200020111021021201221220;0.0
000000002010000101200020111021021201221221;1.0
000000002010000101220020111021021201221221;0.0
000100002010000101220020111021021201221221;1.0
000000000000000000000000000000000000000010;0.288135593220339
000000000000000000000000000000000000002010;0.0
000000000000000000000000000000000100002010;0.24324324324324326
000000000000000000000000000000000102002010;0.0
000000000000000000000000001000000102002010;0.9313893653516295
000000000000000000020000001000000102002010;0.0
000000000000000000020000001010000102002010;-0.07246376811594203
000000000000000000020000001010000102022010;0.0
000000000000000000020100001010000102022010;-0.13636363636363635
000000000000000000000000000000000200000010;0.0
000000000000000000000000000000000200000110;0.5035460992907801
000000000000000000000000000000000200002110;0.0
000000000000000000000000000000010200002110;-0.05
000000000000000000000000000000010202002110;0.0
000000000000000000000000100000010202002110;0.30333333333333334
000000000000000000000000100000010202002112;0.0
000000000000000000000000100000010202012112;0.30303030303030304
000000000000000002000000100000010202012112;0.0
000000000000000002000000101000010202012112;0.1267605633802817
000000000000000002020000101000010202012112;0.0
000000000000000002020000101000011202012112;0.5328467153284672
000000000000200002020000101000011202012112;0.0
000000000000200002020000101000011212012112;0.8047493403693932
000000000000200002020000101020011212012112;0.0
000000000000200002020000111020011212012112;0.8053097345132744
000000000000200002220000111020011212012112;0.0
000000000000200002220000111120011212012112;1.0
000000000000000000000000000000010000001200;0.5596330275229358
000000000000000000000000000000010000201200;0.0
000000000000000000000000000000011000201200;0.5625
000000000000000000000000000000011002201200;0.0
000000000000000000000000000001011002201200;0.7772277227722773
000000000000000000000000020001011002201200;0.0
000000000000000000000000120001011002201200;0.7748344370860927
000000000000000000000000120021011002201200;0.0
000000000000000001000000120021011002201200;1.0
000000000000000000000000000000000000201000;0.5551755685232689
000000000000000000000000000000010000201000;0.5151515151515151
000000000000000000000000000000010000201002;0.7970861388437428
000000000000000000000000000000010000201012;0.5932203389830508
000000000000000000000000000000010020201012;0.0
000000000000000000000000000100010020201012;0.5777777777777777
000000000000000000000000000100010022201012;0.0
000000000000000000000000100100010022201012;0.7142857142857143
000000000000000000000000100120010022201012;0.0
000000000000000001000000100120010022201012;1.0
000000000000000000000000000000000000021100;0.3333333333333333
000000000000000000000000000000000002021100;0.0
000000000000000000000000000000100002021100;0.5142857142857142
000000000000000000000000000000100002021120;0.0
000000000000000000000000000000110002021120;0.6687116564417178
000000000000000000000000000020110002021120;0.0
000000000000000000000000000020110102021120;0.8704663212435233
000000000000000000000200000020110102021120;0.0
000000000000000000000200000020111102021120;1.0
000000000000000000000000000001010020201012;0.5412844036697247
000000000000000000000000000001010022201012;0.0
000000000000000000000000000001010022211012;0.644927536231884
000000000000000000000000000021010022211012;0.0
000000000000000000000000000021010022211112;1.0
000000000000000000000000000000000020011102;0.9123505976095617
000000000000000000000000000000000020211102;0.0
000000000000000000000000000000000020211112;1.0
000000000000000000000000000000000001001200;0.46774193548387094
000000000000000000000000000000000001021200;0.0
000000000000000000000000000000000001121200;0.2631578947368421
000000000000000000000000000000002001121200;0.0
000000000000000000000000000000102001121200;0.31
000000000000000000000002000000102001121200;0.0
000000000000000000000002010000102001121200;0.36363636363636365
000000000000000020000002010000102001121200;0.0
000000000100000020000002010000102001121200;0.3
002000000100000020000002010000102001121200;0.0
002000000100000020000002010001102001121200;0.3684210526315789
002000000100000020000002010001102001121202;0.0
002000000100000020000002010011102001121202;0.8444444444444444
002000000100000020000002010011122001121202;0.0
002000000100000020000002110011122001121202;0.937984496124031
002000000100000020000202110011122001121202;0.0
002000000100000020100202110011122001121202;1.0
000000000000000000000000000000020000001000;0.41959267403719275
000000000000000000000000000000020000011000;0.3791208791208791
000000000000000000000000000000020000011002;0.0
000000000000000000000000000000020000011102;0.8847117794486216
000000000000000000000000000000022000011102;0.0
000000000000000000000000000000022000111102;1.0
000000000000000000000000000000000020000001;0.0
000000000000000000000000000000000021000001;0.23076923076923078
000000000000000000000000000000000021000021;0.0
000000000000000000000000000000000021010021;0.22580645161290322
000000000000000000000000000000000021210021;0.0
000000000000000000000000000000100021210021;0.3228346456692913
000000000000000000000000000002100021210021;0.0
000000000000000000000001000002100021210021;0.9215851602023609
000000000000000000000021000002100021210021;0.0
000000000000000010000021000002100021210021;1.0
000000000000000000000000000000000000102010;0.08771929824561403
000000000000000000000000000000020000102010;0.0
000000000000000000000000100000020000102010;0.1724137931034483
000000000000000000000000100002020000102010;0.0
000000000000000000000010100002020000102010;0.01818181818181818
000000000000000000000010100002020200102010;0.0
000000000000000100000010100002020200102010;-0.09333333333333334
000000000000000100000010102002020200102010;0.0
000000001000000100000010102002020200102010;0.954070981210856
020000001000000100000010102002020200102010;0.0
020000001000000101000010102002020200102010;-0.050505050505050504
020000001000000101000010102002020202102010;0.0
020000001010000101000010102002020202102010;0.963963963963964
020000001010000101000010102022020202102010;0.0
020100001010000101000010102022020202102010;1.0
000000000000000000000000000000000000200001;0.0
000000000000000000000000000000000000201001;0.3191489361702128
000000000000000000000000000000000002201001;0.0
000000000000000000000000000001000002201001;0.3333333333333333
000000000000000000000000000001020002201001;0.0
000000000000000000000000000001020002201101;0.6764705882352942
000000000000000000000000000001020002201121;0.0
000000000000000000000010000001020002201121;0.2923076923076923
000000000000000000000010000001020202201121;0.0
000000000000000100000010000001020202201121;0.9370629370629371
000000000000000100000010000001022202201121;0.0
000000001000000100000010000001022202201121;1.0
000000000000000000000000000000000001001002;0.42063492063492064
000000000000000000000000000000000001001022;0.0
000000000000000000000000000000000001101022;0.7914691943127962
000000000000000000000000000000020001101022;0.0
000000000000000000000000000000020001111022;1.0
000000000000000000000000000000000000000100;0.47685185185185186
000000000000000000000000000000000000000102;0.0
000000000000000000000000000000000000001102;0.5294117647058824
000000000000000000000000000000000000001122;0.0
000000000000000000000000000000000100001122;0.4782608695652174
000000000000000000000000000000000100021122;0.0
000000000000000000000000000000010100021122;0.6122448979591837
000000000000000000000000002000010100021122;0.0
000000000000000000000000002000011100021122;0.8818897637795275
000000000000000000000000002000011120021122;0.0
000000000000000000000000002000111120021122;1.0
000000000000000000000000000000000000010000;0.23684210526315788
000000000000000000000000000000000000010200;0.0
000000000000000000000000000000100000010200;0.3333333333333333
000000000000000000000000000000100000010202;0.0
000000000000000000000001000000100000010202;0.8256880733944955
000000000000000000000001000000100002010202;0.0
000000000000000010000001000000100002010202;1.0
000000000000000000000000000000000002001102;0.0
000000000000000000000000000000000002011102;0.8759124087591241
000000000000000000000000000000000002011122;0.0
000000000000000000000000000000000002111122;1.0
000000000000000000000000000000000000210000;0.41814432989690725
000000000000000000000000000000000000211000;0.38095238095238093
000000000000000000000000000000020000211000;0.0
000000000000000000000000000000020000211100;0.9512195121951219
000000000000000000000000000000020002211100;0.0
000000000000000000000000000000020002211110;1.0
000000000000000000000000000000000001000000;0.23076923076923078
000000000000000000000000000000000001020000;0.0
000000000000000000000000000000100001020000;0.1864406779661017
000000000000000000000000000020100001020000;0.0
000000000000000000000000000020100001020100;0.4634146341463415
000000000000000000000000000020102001020100;0.0
000000000000000000000001000020102001020100;0.5
000000000000000020000001000020102001020100;0.0
000000000000000020000001000020102001021100;0.38271604938271603
000000000000000020000001000020122001021100;0.0
000000000000000020000001000020122001121100;0.4692982456140351
000000000000000020000201000020122001121100;0.0
000000000000000020000201000020122001121101;0.9289520426287744
000000000000000020000201000020122021121101;0.0
000000000000000020000201000020122021121111;1.0
000000000000000000000000000000220000011000;0.0
000000000000000000000000000000220000011100;0.788235294117647
000000000000000000000000000000220002011100;0.0
000000000000000000000000000000220002011110;1.0
000000000000000000000000000000000002001000;0.0
000000000000000000000000000000000002001010;0.5061728395061729
000000000000000000000000000000020002001010;0.0
000000000000000000000000000000020002001110;0.8137931034482758
000000000000000000000000000000022002001110;0.0
000000000000000000000000000000022002001111;1.0
000000000000000000000000000000002000000100;0.0
000000000000000000000000000000002000001100;0.4393939393939394
000000000000000000000000020000002000001100;0.0
000000000000000000100000020000002000001100;0.5925925925925926
000000000002000000100000020000002000001100;0.0
000000000002000000100000020000002000011100;0.9305555555555556
000000000002000000100000020000002002011100;0.0
000000000002000000100000020000002002011110;1.0
000000000000000000000000000000000000001020;0.0
000000000000000000000000000000000000101020;0.47368421052631576
000000000000000000000000000000000000101022;0.0
000000000000000000000000000001000000101022;0.7391304347826086
000000000000000000000000000001000200101022;0.0
000000000000000000000000000001000210101022;0.3333333333333333
000000000000000000000000002001000210101022;0.0
000000000000000000000000002001000210111022;0.8918918918918919
000000000000000000000000002001020210111022;0.0
000000000000000000000000002001020210111122;1.0
000000000000000000000000000000000000000120;0.0
000000000000000000000000000000000000010120;0.3055555555555556
000000000000000000000000000000000000010122;0.0
000000000000000000000000000000001000010122;0.5
000000000000000000000000020000001000010122;0.0
000000000000000000000000020000101000010122;0.5714285714285714
000000000000000000200000020000101000010122;0.0
000000000000000000200001020000101000010122;0.7954545454545454
000000000000000000200001020000101000012122;0.0
000000000000000010200001020000101000012122;1.0
000000000000000000000000000020000001000000;0.0
000000000000000000000000000020000001010000;0.19523809523809524
000000000000000000000000000020000001210000;0.0
000000000000000000000000000021000001210000;0.15789473684210525
000000000000000000000000000021000001210200;0.0
000000000000000000000000000021100001210200;0.211340206185567
000000000000000000000000000021100001212200;0.0
000000000000000000000001000021100001212200;0.5555555555555556
000000000000000000000021000021100001212200;0.0
000000000000000010000021000021100001212200;1.0
000000000000000000000000000000200000010000;0.0
000000000000000000000000000000200000010001;0.25
000000000000000000000000000000200002010001;0.0
000000000000000000000000000000200002110001;0.21428571428571427
000000000000000000000002000000200002110001;0.0
000000000000000000000002000000200002110011;0.8075471698113208
000000000000000000000002000020200002110011;0.0
000000000000000000000002000020200002111011;0.9391534391534392
000000000000000020000002000020200002111011;0.0
000000000000000020000002000020200002111111;1.0
000000000000000000000000100000020000001000;0.4
000000000000000000000000100000020000001020;0.0
000000000000000000000000100000020000001120;0.14285714285714285
000000000000000000000000100000020000201120;0.0
000000000000000000000000100001020000201120;0.3235294117647059
000000000000000000000000100001022000201120;0.0
000000000000000000000000100001022100201120;0.48936170212765956
000000000000000000000000100001022102201120;0.0
000000000000000000000000110001022102201120;0.7391304347826086
000000000000000002000000110001022102201120;0.0
000000000000000002000010110001022102201120;0.5333333333333333
000000000020000002000010110001022102201120;0.0
000000000020000002000010111001022102201120;0.7727272727272727
000000000020000002000010111021022102201120;0.0
000100000020000002000010111021022102201120;0.796875
000100000020000002200010111021022102201120;0.0
000100000020000002200110111021022102201120;0.7714285714285715
000100000020000002200110111021022102201122;0.0
000100000021000002200110111021022102201122;0.9148936170212766
000100000021000202200110111021022102201122;0.0
000100000021000202200110111021022102211122;0.8048780487804879
000100000021002202200110111021022102211122;0.0
000100001021002202200110111021022102211122;0.6875
000100001021002202220110111021022102211122;0.0
000100011021002202220110111021022102211122;0.7045454545454546
020100011021002202220110111021022102211122;0.0
020110011021002202220110111021022102211122;0.7894736842105263
020110011021002202220110111021222102211122;0.0
020110011021002202220111111021222102211122;1.0
000000000000000000000000000000000001001020;0.4375
000000000000000000000000000000010001001022;0.5714285714285714
000000000000000000000000000000010001201022;0.0
000000000000000000000000100000010001201022;0.6585365853658537
000000000000000000000000100020010001201022;0.0
000000000000000001000000100020010001201022;1.0
000000000000000000000000000000000001000200;0.5702688172043011
000000000000000000000000000000000001201200;0.4640000000000001
000000000000000000000000000000010001201200;0.4
000000000000000000000000000000010001201220;0.0
000000000000000000000000000000010101201220;0.6862745098039216
000000000000000000000000000020010101201220;0.0
000000000000000000000000100020010101201220;0.855072463768116
000000000000000000000000102020010101201220;0.0
000000000000000001000000102020010101201220;1.0
000000000000000000000000000000000002000010;0.0
000000000000000000000000000000000002100010;0.0
000000000000000000000000000002000002100010;0.0
000000000000000000000000000002000002100110;0.0
000000000000000000000000000002002002100110;0.0
000000000000000000000000000002002002101110;0.9401041666666666
000000000000000000000000000002022002101110;0.0
000000000000000000000000000002022002111110;1.0
000000000000000000000000000000000001120000;0.2903225806451613
000000000000000000000000000000000001120020;0.0
000000000000000000000000000010000001120020;-0.25
000000000000000000000000000012000001120020;0.0
000000000000000000000010000012000001120020;0.08888888888888889
000000000000000000000010000012200001120020;0.0
000000000000000000000110000012200001120020;0.924812030075188
000000000000000000000112000012200001120020;0.0
000000000000001000000112000012200001120020;1.0
000000000000000000000000000000000002000100;0.0
000000000000000000000000000000000002000110;0.25301204819277107
000000000000000000000000000000000002000112;0.0
000000000000000000000000000000000002001112;0.8144329896907216
000000000000000000000000000000000002021112;0.0
000000000000000000000000000000001002021112;0.37142857142857144
000000000000000000000000020000001002021112;0.0
000000000000000000000000020000001012021112;0.30357142857142855
000000000000000000000000020000201012021112;0.0
000000000000000000000000020000201112021112;0.9624853458382181
000000000000000000000000020000201112221112;0.0
000000000000000000000000020000211112221112;1.0
000000000000000000000000000000002000001102;0.0
000000000000000000000000000000002000011102;0.8483754512635379
000000000000000000000000000000202000011102;0.0
000000000000000000000000000000202000111102;1.0
000000000000000002000000100000020000001000;0.0
000000000000000002000000100000020000001010;0.5686274509803921
000000000000000002000000100000020000001210;0.0
000000000000000002000000100000020100001210;0.23711340206185566
000000000000000002000000102000020100001210;0.0
000000000000000002000000102000020101001210;0.09090909090909091
000000000000000002020000102000020101001210;0.0
000000000000000002020000102010020101001210;0.02702702702702703
000000000000200002020000102010020101001210;0.0
000000000000200002020000102010020101011210;0.9113300492610837
000000000000200002020000102010020101011212;0.0
000000000000200002020000102010020101111212;1.0
000000000000000000000000000000000002011000;0.5789473684210527
000000000000000000000000000000020002011000;0.0
000000000000000000000000000000020002011100;0.9006211180124224
000000000000000000000000000000022002011100;0.0
000000000000000000000000000000022002111100;1.0
000000000000000000000000000000000000210001;0.21649484536082475
000000000000000000000000000000200000210001;0.0
000000000000000000000000000000200000211001;0.047619047619047616
000000000000000000000000000000200000211201;0.0
000000000000000000000000000000210000211201;0.28125
000000000000000000000000000002210000211201;0.0
000000000000000000000001000002210000211201;0.30434782608695654
000000000000000000000001200002210000211201;0.0
000000000000000000000001200002210001211201;0.05555555555555555
000000000000000000000001200002210001211221;0.0
000000000000000010000001200002210001211221;0.2644230769230769
000000000000000010000001200002212001211221;0.0
000000000100000010000001200002212001211221;0.9414414414414415
000000000100000010000001200022212001211221;0.0
001000000100000010000001200022212001211221;1.0
000000000000000000000000000000000002001100;0.5625
000000000000000000000000000020000002001100;0.0
000000000000000000000000000020010002001100;0.6091954022988506
000000000000000000000000000020012002001100;0.0
000000000000000000000000000020012002011100;0.816793893129771
000000000000000000000000000020012002211100;0.0
000000000000000000000000000020012002211110;1.0
000000000000000000000000000000010000001202;0.0
000000000000000000000000000000010000011202;0.5409836065573771
000000000000000000000000000000010000211202;0.0
000000000000000000000000000001010000211202;0.42857142857142855
000000000000000000000000000001210000211202;0.0
000000000000000000000010000001210000211202;0.6521739130434783
000000000000000000000010000001210000211222;0.0
000000000000000000000010100001210000211222;0.625
000000000000000000000010100001210020211222;0.0
000000000000000001000010100001210020211222;1.0
000000000000000000000000000000000000020000;0.0
000000000000000000000000000000000000020010;-0.125
000000000000000000000000000000000000022010;0.29961149961149963
000000000000000000000000000000000000122010;0.15151515151515152
000000000000000000000000000000200000122010;0.0
000000000000000000000000000000200100122010;0.07692307692307693
000000000000000000000000000000220100122010;0.0
000000000000000000000000000001220100122010;-0.2
000000000000000000000020000001220100122010;0.0
000000000000000100000020000001220100122010;0.2
000000000000000100000022000001220100122010;0.0
000000000000000100000022100001220100122010;-0.23076923076923078
000000000000000000000000000000000000000020;-0.044444444444444446
000000000000000000000000000000000002001020;0.0
000000000000000000000000000000000002011020;0.5384615384615384
000000000000000000000000000000020002011020;0.0
000000000000000000000000000000020002011120;0.14285714285714285
000000000000000000000000000000020002211120;0.0
000000000000000000000000000001020002211120;-0.13333333333333333
000000000000000000000020000001020002211120;0.0
000000000000000000000020000001020102211120;0.09090909090909091
000000000000000000000020000001020102211122;0.0
000000000000000100000020000001020102211122;0.11904761904761904
000000000000000100000020000021020102211122;0.0
000000000000000100000020100021020102211122;-0.037037037037037035
000000000000000100000220100021020102211122;0.0
000000000000000100000220101021020102211122;0.0
000000000000000000000000000000000000002000;0.05841269841269839
000000000000000000000000000000000000002100;0.37228538474213213
000000000000000000000000000000000002002100;-0.144
000000000000000000000000000000000002002101;0.2
000000000000000000000000000000000002202101;0.0
000000000000000000000000000000000002212101;-0.16666666666666666
000000000000000000000000000000002002212101;0.0
000000000000000000000000000000102002212101;0.14285714285714285
000000000000000000000000000002102002212101;0.0
000000000000000000000001000002102002212101;0.4
000000000000000000000001020002102002212101;0.0
000000000000000010000001020002102002212101;1.0
000000000000000000000000000002000000122010;0.0
000000000000000000000000000002010000122010;0.38461538461538464
000000000000000000000020000002010000122010;0.0
000000000000000100000020000002010000122010;0.42857142857142855
000000000000000100000020200002010000122010;0.0
000000000000000100000020200002010000122110;0.45454545454545453
000000000000000102000020200002010000122110;0.0
000000000000000102000020200002011000122110;-0.030303030303030304
000000000020000102000020200002011000122110;0.0
000100000020000102000020200002011000122110;0.5625
000100000020000102000020200002011002122110;0.0
000100000020000102000020210002011002122110;0.3333333333333333
000100000020000102200020210002011002122110;0.0
000100000020000102200020210002011002122111;0.23809523809523808
000100002020000102200020210002011002122111;0.0
000100002020000102200020210002011102122111;0.45454545454545453
000100002020000102200020210002211102122111;0.0
000100002020000102200020210002211112122111;1.0
000000000000000000000000000000002002002101;0.0
000000000000000000000000000010002002002101;-0.4
000000000000000000000200000010002002002101;0.0
000000000000000000000200000010002002102101;0.1
000000000000000000000200000010022002102101;0.0
000000000000001000000200000010022002102101;-0.23809523809523808
000000000000001000000200000010022002102121;0.0
000000000000001000000200000010022102102121;-0.44
000000000000001000000200002010022102102121;0.0
000000000000001000000200012010022102102121;0.09090909090909091
000000000000001000000200012012022102102121;0.0
000000000000001000000200112012022102102121;0.38461538461538464
000000000000001002000200112012022102102121;0.0
000000000000001002100200112012022102102121;0.125
000000000000001002100200112012022102122121;0.0
000000000000001002100200112012122102122121;1.0
000000000000000000000000000000010000002010;0.1891891891891892
000000000000000000000000000000010000202010;0
000000000000000000000000000000010000212010;0.2839506172839506
000000000000000000000000000002010000212010;0
000000000000000000000000100002010000212010;0.42063492063492064
000000000000000002000000100002010000212010;0
000000000000000002000000100002010001212010;0.18518518518518517
000000000020000002000000100002010001212010;0
000000000020000002000010100002010001212010;0.3793103448275862
000000000020000002000010100002010001212012;0
000000000020000002000010100002010101212012;0.7150537634408602
000000000020000002000010102002010101212012;0
000000000020000002000010102002010111212012;0.3333333333333333
000000000020000002000010102002010111212212;0
000000000020000002000010102002011111212212;1.0
000000000000000000000000000000000000100102;0.5384615384615384
000000000000000000000000000000000000120102;0
000000000000000000000000000001000000120102;0.3103448275862069
000000000000000000000000000001002000120102;0
000000000000000000000010000001002000120102;0.9354838709677419
000000000000000000000010000001202000120102;0
000000000000000100000010000001202000120102;1.0
000000000000000000000000000000000000102000;0.0021421975992613087
000000000000000000000000000000000000102012;0
000000000000000000000000000000000000102112;0.25
000000000000000000000000000002000000102112;0
000000000000000000000000000002010000102112;0.17647058823529413
000000000000000000000000000002010200102112;0
000000000000000000000000001002010200102112;0.24324324324324326
000000000000000000000000201002010200102112;0
000000000000000001000000201002010200102112;0.2608695652173913
000000000000000001000000201002010200122112;0
000000000000000001000000201002010201122112;0.15853658536585366
000000000000000001000020201002010201122112;0
000000000010000001000020201002010201122112;0.16304347826086957
000000000010000201000020201002010201122112;0
000000000010000201000020201002110201122112;-0.17708333333333334
000000000010000201000022201002110201122112;0
000000001010000201000022201002110201122112;-0.17
000000001010000201000022201002110221122112;0
010000001010000201000022201002110221122112;-0.14130434782608695
010000001010000201000022201202110221122112;0
010000001010000201000022201212110221122112;-0.1875
000000000000000000000000000000000000100200;0.34386491557223264
000000000000000000000000000000000000121200;0
000000000000000000000000000000010000121200;0.3333333333333333
000000000000000000000000000000012000121200;0
000000000000000000000000100000012000121200;0.36585365853658536
000000000000000002000000100000012000121200;0
000000000000000002000000110000012000121200;0.3783783783783784
000000000000000002000000110000012000121220;0
000000000010000002000000110000012000121220;0.68
000000000010000002200000110000012000121220;0
000000000010000002200000110001012000121220;0.5172413793103449
000000000012000002200000110001012000121220;0
000000000012000002200000110001112000121220;0.6428571428571429
000200000012000002200000110001112000121220;0
000200000012000002200000110001112100121220;0.775
000200000012000002200002110001112100121220;0
000200000012000002200012110001112100121220;0.5833333333333334
000200000012000022200012110001112100121220;0
000200000012000122200012110001112100121220;1.0
000000000000000000000000000002010001201200;0
000000000000000000000000100002010001201200;0.5666666666666667
000000000000000000000020100002010001201200;0
000000000000000001000020100002010001201200;1.0
000000000000000000000000000000210000021000;0
000000000000000000000001000000210000021000;0.48936170212765956
000000000000000000000001200000210000021000;0
000000000000000000000001200000210000021100;0.3333333333333333
000000000000000020000001200000210000021100;0
000000000000000020000001200000210000021110;0.8484251968503937
000000000000000020000001200000210002021110;0
000000000000000020000001200000210002021111;1.0
000000000000000000000000000000000001002100;0.14393939393939395
000000000000000000000000000020000001002100;0
000000000000000000000000000020001001002100;0.32142857142857145
000000000000000000000000000020001001202100;0
000000000000000000000000000020011001202100;0.3584905660377358
000000000000000000000000000020011001202120;0
000000000000000000000100000020011001202120;0.6818181818181818
000000000000000000000100000020011201202120;0
000000000000000000000100010020011201202120;0.8412698412698413
000000000000002000000100010020011201202120;0
000000000000002000100100010020011201202120;1.0
000000000000000000000000000000000000011200;0.2857142857142857
000000000000000000000000000000002000011200;0
000000000000000000000000000000002001011200;0.7721518987341772
000000000000000000000000000000002001211200;0
000000000000000000000000000000012001211200;-0.16981132075471697
000000000000000000000000020000012001211200;0
000000000000000000000000120000012001211200;0.9592628516003879
000000000000000000000000000000000002010000;0
000000000000000000000000000000000002010100;0.3563218390804598
000000000000000000000000000000000002010102;0
000000000000000000000000000000000002010112;0.7579617834394905
000000000000000000000000000000000002012112;0
000000000000000000000000000000001002012112;0.23076923076923078
000000000000000000000000000000021002012112;0
000000000000000000000000000000121002012112;0.25
000000000000000000000000200000121002012112;0
000000000000000000000001200000121002012112;0.8701923076923077
000000000000000000000000000000000001002000;-0.02197802197802198
000000000000000000000000000000000001012000;0.07692307692307693
000000000000000000000000000000000001012020;0
000000000000000000000000000000000001012120;0.16071428571428573
000000000000000000000000000000000201012120;0
000000000000000000000000000000000201012121;-0.10294117647058823
000000000000000000000000000000020201012121;0
000000000000000000000000000000120201012121;-0.19148936170212766
000000000000000000000002000000120201012121;0
000000000000000000000002100000120201012121;-0.35074626865671643
000000000000000020000002100000120201012121;0
000000000000000020000002100010120201012121;-0.25
000000000000000020000002102010120201012121;0
000000000000000020000002102010120211012121;-0.38
000000000000000000000000000000200001012000;0
000000000000000000000000000010200001012000;-0.06
000000000000000000000000000010220001012000;0
000000000000000000000100000010220001012000;0.9645704162976085
000000000000002000000100000010220001012000;0
000000000000002000000100100010220001012000;-0.3684210526315789
000000000000002000000100100010220001012002;0
000000000000002001000100100010220001012002;-0.16129032258064516
000000000000002001000100100010220001212002;0
000000000000002001000100100010220001212102;0.08641975308641975
000000000000002001000100100010222001212102;0
000000000000002001000100100011222001212102;0.949874686716792
000000000000000000000000000000000000102100;-0.06976744186046512
000000000000000000000000000002000000102100;0
000000000000000000000000000002010000102100;0.28
000000000000000000000000200002010000102100;0
000000000000000000000000200002010000102110;0.25
000000000000000000000020200002010000102110;0
000000000000000000000020200002010100102110;0.3125
000000000000000200000020200002010100102110;0
000000000000000200000020200002011100102110;0.7647058823529411
000000000000000000000000000000020000101000;0.2727272727272727
000000000000000000000000000000020000121000;0
000000000000000000000000000000020000121100;0.16279069767441862
000000000000000000000000000002020000121100;0
000000000000000000000000000002020000121110;0.674074074074074
000000000000000000000000000002220000121110;0
000000000000000000000000000002220000121111;1.0
000000000000000000000000000000000000021010;0.41304347826086957
000000000000000000000000000000200000021010;0
000000000000000000000001000000200000021010;0.3076923076923077
000000000000000000000001000000200000021210;0
000000000000000000000001000000200000121210;0.16279069767441862
000000000000000020000001000000200000121210;0
000000000000000020000001000000201000121210;0.5441176470588235
000000000000000020000001020000201000121210;0
000000000000000020100001020000201000121210;0.2413793103448276
000000000000000020100001020000201200121210;0
000000000000000020100001020000211200121210;-0.04310344827586207
000000000000000020100001022000211200121210;0
000000000000000020100001122000211200121210;0.8347826086956521
000000000000000022100001122000211200121210;0
000000000000000022100001122000211200121211;-0.46078431372549017
000000000000000000000000000000000000211002;0
000000000000000000000000000000000000211012;0.6323529411764706
000000000000000000000000000000000200211012;0
000000000000000000000000000000000200211112;1.0
000000000000000000000000000000000000002011;-0.02127659574468085
000000000000000000000000000000020000002011;0
000000000000000000000000100000020000002011;-0.2222222222222222
000000000000000002000000100000020000002011;0
000000000000000002000000100000020001002011;-0.047619047619047616
000000000000000002000000100020020001002011;0
000000000000000002000000100020020001002111;0.09090909090909091
000000000000000002000000100020020201002111;0
000000000000000002000000100020021201002111;0.35909090909090907
000000000000000002000200100020021201002111;0
000000000000000002000200100020021201012111;0.1
000000000020000002000200100020021201012111;0
000000000020000002000200101020021201012111;0.28
000000000020000002020200101020021201012111;0
000000000020000002020200101020121201012111;0.4523809523809524
000000000020000002020200121020121201012111;0
000000000020000002020200121020121211012111;0.3333333333333333
000000000020000002220200121020121211012111;0
000100000020000002220200121020121211012111;0.9360341151385928
000100000020002002220200121020121211012111;0
000100000020002002220200121120121211012111;0.9732262382864793
000000000000000000000000000000000000020001;0
000000000000000000000000000000000000021001;0.3684210526315789
000000000000000000000000000000000000021021;0
000000000000000000000000000000100000021021;0.2857142857142857
000000000000000000000000000000100000021221;0
000000000000000000000000000000101000021221;0.5923076923076923
000000000000000000000002000000101000021221;0
000000000000000000000002000000111000021221;0.7435897435897436
000000000000000000000002000000111200021221;0
000000000000000000000002100000111200021221;0.723404255319149
000000000000000000000002102000111200021221;0
000000000000000001000002102000111200021221;1.0
000000000000000000000000000000001000002100;0.13725490196078433
000000000000000000000000000000001000022100;0
000000000000000000000000000000001001022100;0.45454545454545453
000000000000000000000000020000001001022100;0
000000000000000000000000020010001001022100;0.16666666666666666
000000000000000000200000020010001001022100;0
000000000000000000200000020010101001022100;0.11688311688311688
000000000000000000200000020010121001022100;0
000000000000000000200100020010121001022100;0.973973973973974
000000000002000000200100020010121001022100;0
000000000002001000200100020010121001022100;1.0
000000000000000000000000000000000000201010;0.31666666666666665
000000000000000000000000000000000000201012;0
000000000000000000000000000000000100201012;0.5652173913043478
000000000000000000000000002000000100201012;0
000000000000000000000000002000000100211012;0.5714285714285714
000000000000000000000000002000000100211212;0
000000000000000000000000002000010100211212;0.24528301886792453
000000000000000000000000202000010100211212;0
000000000000000001000000202000010100211212;0.5353535353535354
000000000000000001020000202000010100211212;0
000000000000000001020000202000110100211212;0.7801047120418848
000000000000000001020000202002110100211212;0
000000000000000001020000202002111100211212;1.0
000000000000000000000000000001000000102000;0.13043478260869565
000000000000000000000020000001000000102000;0
000000000000000000000020000001000000102100;0.0967741935483871
000000000000000000000020000001000002102100;0
000000000000000000000020000001010002102100;0.0
000000000000000000000020000001012002102100;0
000000000000000000000020000001012002102110;0.3103448275862069
000000000000000000000020200001012002102110;0
000000000000000000000020200001012102102110;0.01818181818181818
000000000000000002000020200001012102102110;0
000000000000000002000020200011012102102110;0.23809523809523808
000000000000000202000020200011012102102110;0
000000000000000202000120200011012102102110;0.9351535836177475
000000000000000202000120220011012102102110;0
000000000000000202000120221011012102102110;0.9134615384615384
000000002000000202000120221011012102102110;0
000000002000000202010120221011012102102110;1.0
000000000000000000000000000000000000201210;0
000000000000000000000000000000001000201210;0.3333333333333333
000000000000000000000000000000001200201210;0
000000000000000000000000000000001200201211;0.48148148148148145
000000000000000000000000000000001202201211;0
000000000000000000000000000000011202201211;0.29577464788732394
000000000000000000000000000020011202201211;0
000000000000000000000000000020011212201211;0.6794871794871795
000000000000000000000200000020011212201211;0
000000000000001000000200000020011212201211;0.1111111111111111
000000000000001000000200000220011212201211;0
000000000000001000000200100220011212201211;0.5357142857142857
000000000000001000000200120220011212201211;0
000000000000001000000200120220011212211211;0.7777777777777778
000000000000001002000200120220011212211211;0
000000000000001002001200120220011212211211;0.5733333333333334
000000000000001002201200120220011212211211;0
000000000000001002201200121220011212211211;1.0
000000000000000000000000000000000000002001;-0.06383467278989667
000000000000000000000000000000000010002001;0.07692307692307693
000000000000000000000000000000000010002021;0
000000000000000000000000000000000010002121;0.0
000000000000000000000000000000020010002121;0
000000000000000000000000000000021010002121;0.5513307984790875
000000000000000000000000000000021010022121;0
000000000000000000000000010000021010022121;0.6724137931034483
000000000000000000200000010000021010022121;0
000000000001000000200000010000021010022121;-0.14285714285714285
000000000001000000200000010000021012022121;0
000000000001000000200000010000021012122121;-0.12727272727272726
000000000001000000200000210000021012122121;0
000000000001000000200000210100021012122121;0.9340974212034384
000000000000000000000000000000000000000012;0
000000000000000000000000000000000000010012;0.42528735632183906
000000000000000000000000000000000002010012;0
000000000000000000000000000000000002011012;0.9535423925667829
000000000000000000000000000000000002011212;0
000000000000000000000000000000010002011212;0.5625
000000000000000000000000000000210002011212;0
000000000000000000000001000000210002011212;0.5092592592592593
000000000000000000000001000020210002011212;0
000000000000000000000001100020210002011212;0.8174273858921162
000000000000000000000201100020210002011212;0
000000000000000001000201100020210002011212;1.0
000000000000000000000000000000120000121000;0.09090909090909091
000000000000000000000000200000120000121000;0
000000000000000000000001200000120000121000;0.13761467889908258
000000000000000002000001200000120000121000;0
000000000010000002000001200000120000121000;0.0
000000000010000002000001200000120000121002;0
000000000010000012000001200000120000121002;0.7980132450331126
000000000210000012000001200000120000121002;0
000000000210000012000001200000120010121002;0.30303030303030304
000000000210000012000001200000120012121002;0
000000000210000012000001200010120012121002;0.4552238805970149
000000000210000012000001200010120012121202;0
000000000210000012000101200010120012121202;0.6385542168674698
000000000210002012000101200010120012121202;0
000100000210002012000101200010120012121202;0.5446428571428571
000100000210002012000101200010122012121202;0
000100000210002012000101210010122012121202;0.7616822429906542
000100000210002012200101210010122012121202;0
000100000210002012200101210011122012121202;0.65625
000100000210002012200121210011122012121202;0
000100000211002012200121210011122012121202;0.11607142857142858
000100000211002012200121210011122012121222;0
000100000211002012200121210111122012121222;0.44594594594594594
000100000211002012202121210111122012121222;0
000100000211002112202121210111122012121222;0.09803921568627451
000100000211002112202121210111122212121222;0
001100000211002112202121210111122212121222;0.752
001100002211002112202121210111122212121222;0
001110002211002112202121210111122212121222;0.9556786703601108
021110002211002112202121210111122212121222;0
021110012211002112202121210111122212121222;0.9867549668874173
221110012211002112202121210111122212121222;0
221110012211012112202121210111122212121222;0.9865319865319865
221110212211012112202121210111122212121222;0
221110212211012112202121211111122212121222;-1.0
000000000000000000000000000000000000020100;0.36235294117647054
000000000000000000000000000000001000020100;0.21052631578947367
000000000000000000000000020000001000020100;0
000000000000000000000000020000001001020100;0.15789473684210525
000000000000000000000000020000001001020120;0
000000000000000000000000020000101001020120;0.17073170731707318
000000000000000000000000020000101201020120;0
000000000000000000000000021000101201020120;0.3177570093457944
000000000000000000000000021000101201020122;0
000000000000000000000000021010101201020122;0.4594594594594595
000000000000000000000000021010101201022122;0
000000000000000000000100021010101201022122;0.34782608695652173
000000000000000000200100021010101201022122;0
000000000000001000200100021010101201022122;1.0
000000000000000000000000000000000010202001;0
000000000000000000000000000000000010202011;-0.1875
000000000000000000000000000000000010222011;0
000000000000000000000000000000000011222011;-0.14285714285714285
000000000000000000000000000000001000010200;0.27472527472527475
000000000000000000000000000000001000012200;0
000000000000000000000000000000011000012200;0.42028985507246375
000000000000000000000000000000011000012202;0
000000000000000000000000000000111000012202;0.9124797406807131
000000000000000000000000000000000000200010;0.5754385964912281
000000000000000000000000000000000000221010;0
000000000000000000000000000000000000221011;0.7142857142857143
000000000000000000000000000000000020221011;0
000000000000000000000000000000000020221111;1.0
000000000000000000000000000000010000021200;0
000000000000000000000000000000010001021200;0.5967741935483871
000000000000000000000000000000210001021200;0
000000000000000000000000000000210001121200;0.3269230769230769
000000000000000000000002000000210001121200;0
000000000000000000000002100000210001121200;0.9591419816138917
000000000000000000000000000000020000001100;0.41935483870967744
000000000000000000000000000000020000021100;0.21395348837209305
000000000000000000000000000000020000121102;0
000000000000000000000000000000020001121102;-0.14285714285714285
000000000000000000000000000000220001121102;0
000000000000000000000000000001220001121102;0.2839506172839506
000000000000000000000002000001220001121102;0
000000000000000000000012000001220001121102;0.97131931166348
000000000000000000000000000001000000201000;0.5130434782608696
000000000000000000000020000001000000201000;0
000000000000000000000020000001000000201010;0.3333333333333333
000000000000000000000020000001000000201210;0
000000000000000000000020000001000000211210;0.14285714285714285
000000000000000000000020000001000000211212;0
000000000000000000000020000001010000211212;0.39361702127659576
000000000000000000000020000001210000211212;0
000000000000000000000020100001210000211212;0.7325581395348837
000000000000000002000020100001210000211212;0
000000000000000002000020100001211000211212;0.8131487889273357
000000000000000002000022100001211000211212;0
000000000000000012000022100001211000211212;1.0
000000000000000000000000000000000200001010;0.42857142857142855
000000000000000000000000000000020200001010;0
000000000000000000000000000000020200001110;0.8899082568807339
000000000000000000000000000000020200021110;1.1970388648982109
000000000000000000000000000000020200021111;1.0
000000000000000000000000000000100000210000;0.23809523809523808
000000000000000000000000000000100000210200;0
000000000000000000000000000000100001210200;0.3888888888888889
000000000000000000000000000000100001212200;0
000000000000000000000001000000100001212200;0.8675496688741722
000000000000000000000001000000100001212220;0
000000000000000010000001000000100001212220;1.0
000000000000000000000000000000100000021000;0.4260869565217391
000000000000000000000000000000100000021020;0
000000000000000000000001000000100000021020;0.4845360824742268
000000000000000000000001000000100000021022;0
000000000000000010000001000000100000021022;0.76
000000000200000010000001000000100000021022;0
000000000200000010000001000000110000021022;0.75
000000000200000010000001000000110000021222;0
000000000200000010000001000000111000021222;0.7837837837837838
000000000200000010000001000000111200021222;0
000000000200000010000001000000111200121222;0.7678571428571429
000000000200000010000001002000111200121222;0
000000000200000010000001002001111200121222;1.0
000000000000000000000000000000000000012000;0
000000000000000000000000000000010000012000;0.17647058823529413
000000000000000000000000000000010000012002;0
000000000000000000000000000000010000012012;0.42857142857142855
000000000000000000000000000000210000012012;0
000000000000000000000000100000210000012012;0.2608695652173913
000000000000000002000000100000210000012012;0
000000000000000002000001100000210000012012;0.38613861386138615
000000000000000022000001100000210000012012;0
000000000000000022000001100000210000112012;0.2621359223300971
000000000000000022000001100002210000112012;0
000000000000000022000011100002210000112012;0.5490196078431373
000000000000000022000011100002210000112212;0
000000000000000022000011100002210001112212;0.75
000000000000000022000011100002212001112212;0
000000000000000022000011110002212001112212;1.0
000000000000000000000000000000000001020100;0.4117647058823529
000000000000000000000000000020000001020100;0
000000000000000000000000000020001001020100;0.23076923076923078
000000000000000000000000020020001001020100;0
000000000000000000000000020020001001020110;0.36
000000000000000000000000020020001001020112;0
000000000000000000000000020020001101020112;0.09090909090909091
000000000000000000200000020020001101020112;0
000000000000000000200000020020101101020112;0.7981072555205048
000000000000000000200000020020101101220112;0
000000000000000000200000021020101101220112;0.5454545454545454
000000000002000000200000021020101101220112;0
000000000002000000210000021020101101220112;1.0
000000000000000000000000020000001000002100;0
000000000000000000100000020000001000002100;-0.08653846153846154
000000000000000000100000020000001000002120;0
000000000000000000100000020000011000002120;0.29577464788732394
000000000000000000100000020000011000002122;0
000000000000000000100000020000011100002122;0.849624060150376
000000000000000000100000020000011120002122;0
000000000000000000100000020000011120012122;0.8523985239852399
000000000000000000100000020000211120012122;0
000000000000000000100001020000211120012122;0.3956043956043956
000000000000000000100001020200211120012122;0
000000000000000000101001020200211120012122;0.37373737373737376
000000000000000000101001022200211120012122;0
000000000000000000101001122200211120012122;0.6842105263157895
000000000002000000101001122200211120012122;0
000000000002000001101001122200211120012122;0.7464788732394366
000000000022000001101001122200211120012122;0
000000000022000001111001122200211120012122;1.0
000000000000000000000000000000010000001020;0.5053763440860215
000000000000000000000000000000010002001020;0
000000000000000000000000000000010102001020;0.6923076923076923
000000000000000000000000000020010102001020;0
000000000000000000000000100020010102001020;0.0
000000000000000000000200100020010102001020;0
000000000000000001000200100020010102001020;1.0
000000000000000000000000000000020000021110;0.95593635250918
000000000000000000000000000000000000212001;0
000000000000000000000000000001000000212001;0.12
000000000000000000000000000001020000212001;0
000000000000000000000000000001020000212011;-0.3333333333333333
000000000000000000000000000001220000212011;0
000000000000000000000001000001220000212011;0.10326086956521739
000000000000000000000001000001220020212011;0
000000000000000000000001100001220020212011;0.4
000000000000000000000021100001220020212011;0
000000000000000000000021100001220021212011;0.8501945525291829
000000000000000020000021100001220021212011;0
000000000000000021000021100001220021212011;1.0
000000000000000000000000000000000000020101;0.27611940298507465
000000000000000000000000000000000000220101;0
000000000000000000000000000000100000220101;0.09090909090909091
000000000000000000000000000000100000222101;0
000000000000000000000000000000100001222101;0.30327868852459017
000000000000000000000000000000102001222101;0
000000000000000000000000000000112001222101;0.1111111111111111
000000000000000000000000200000112001222101;0
000000000000000000000000200010112001222101;0.8757309941520468
000000000000000000000000200012112001222101;0
000000000000000000000010200012112001222101;0.3548387096774194
000000000000000200000010200012112001222101;0
000000000000000200000110200012112001222101;0.7696850393700787
000000000000002200000110200012112001222101;0
000000000000002200000110210012112001222101;-0.15151515151515152
000000000000002200000110210012112021222101;0
000000000000002201000110210012112021222101;0.41566265060240964
000000000000002201200110210012112021222101;0
000000000000002201200110210012112021222111;0.40476190476190477
000000000000002201200110210012112221222111;0
000000010000002201200110210012112221222111;-0.125
200000010000002201200110210012112221222111;0
200000010000002201200110211012112221222111;-0.09722222222222222
200000012000002201200110211012112221222111;0
200000012000002201210110211012112221222111;0.19411764705882353
200000012002002201210110211012112221222111;0
200000012012002201210110211012112221222111;0.8648648648648649
200000012012002201210112211012112221222111;0
200000012012002211210112211012112221222111;1.0
000000000000000000000000000000000020001102;0
000000000000000000000000000000000020001112;0.6986301369863014
000000000000000000000000000000002020001112;0
000000000000000000000000000000002020011112;1.0
000000000000000000000000000000100000012000;0.2765957446808511
000000000000000000000000000000100000012002;0
000000000000000000000000000000110000012002;0.41843971631205673
000000000000000000000000200000110000012002;0
000000000000000001000000200000110000012002;0.3232758620689655
000000000020000001000000200000110000012002;0
000000000020000001000000200000110000012102;0.5675675675675675
000000000020000001000000200000110000012122;0
000000000020000001000000200000111000012122;0.8235294117647058
000000000020000001000000220000111000012122;0
000100000020000001000000220000111000012122;0.8333333333333334
000100000020000001000000220000111020012122;0
000100000020000001000000220000111120012122;1.0
000000000000000000000000000000000100001020;0.4807692307692308
000000000000000000000000000000000100021020;0
000000000000000000000000000000010100021020;0.4375
000000000000000000000000000000010100021022;0
000000000000000000000000100000010100021022;0.8734939759036144
000000000000000000000000100000010100221022;0
000000000000000000000000100000010110221022;0.8378378378378378
000000000000000000000000102000010110221022;0
000000000000000000000000102000010110221122;0.8260869565217391
000000000000000000000000102002010110221122;0
000000000000000000000000102002011110221122;1.0
000000000000000000000000000000010001001202;0.7
000000000000000000000000000000010001021202;0
000000000000000000000000000000010001121202;0.6129032258064516
000000000000000000000000000000010001121222;0
000000000000000000000000000000010101121222;0.7029702970297029
000000000000000000000000200000010101121222;0
000000000000000000000000200000011101121222;0.7687861271676301
000000000000000000000000200002011101121222;0
000000000000000000000000200002111101121222;1.0
000000000000000000000000000000000002011002;0
000000000000000000000000000000100002011002;0.6298701298701299
000000000000000000000000000000100002011022;0
000000000000000000000001000000100002011022;0.8125
000000000000000020000001000000100002011022;0
000000000000000020000001000000100002111022;0.7735849056603774
000000000000000020000001000000100002111222;0
000000000000000020000001000000101002111222;0.52
000000000000000020000001000000121002111222;0
000000000000000020000001100000121002111222;0.6857142857142857
000000000000000020000001100000121202111222;0
000000000000000020000001110000121202111222;0.8095238095238095
000000000000000022000001110000121202111222;0
000000000000000022100001110000121202111222;1.0
000000000000000000000000000000020000011200;0
000000000000000000000000000000020001011200;0.9484536082474226
000000000000000000000000000000020001011202;0
000000000000000000000000000000020001111202;1.0
000000000000000000000000000000010001002000;0.0989010989010989
000000000000000000000000000000010001002020;0
000000000000000000000000000000010001002120;0.09090909090909091
000000000000000000000000200000010001002120;0
000000000000000000000000200010010001002120;0.41025641025641024
000000000000000002000000200010010001002120;0
000000000000000002000100200010010001002120;0.9178571428571428
000000000000002002000100200010010001002120;0
000000000000002002000100200010011001002120;0.30434782608695654
000000000000002002000100220010011001002120;0
000000000000002002000100220010011101002120;0.8923395445134575
000000000020002002000100220010011101002120;0
000100000020002002000100220010011101002120;0.9401408450704225
000100000020002002000100220010011101002122;0
000100000020002002000100220010011111002122;1.0
000000000000000000000020000001010000201000;0.631578947368421
000000000000000000000020000001010000221000;0
000000000000000000000020100001010000221000;0.7123287671232876
000000000000000000000020100001210000221000;0
000000000000000001000020100001210000221000;1.0
000000000000000000000000000000010000002100;0.23809523809523808
000000000000000000000000000000010000002120;0
000000000000000000000000000000010000102120;0.3170731707317073
000000000000000000000000200000010000102120;0
000000000000000000000000200000010000102121;0.2631578947368421
000000000000000000000000200000010200102121;0
000000000000000000000000200000010200112121;0.21428571428571427
000000000000000000000000202000010200112121;0
000000000000000000010000202000010200112121;0.15625
000000000000000000010000202000012200112121;0
000000000000000000010000212000012200112121;1.0
